<?xml version="1.0" encoding="utf-8"?>
<PRONOM-Report xmlns="http://pronom.nationalarchives.gov.uk">
  <report_format_detail>
    <FileFormat>
      <FormatID>753</FormatID>
      <FormatName>Rich Text Format</FormatName>
      <FormatVersion>1.8</FormatVersion>
      <FormatAliases>RTF (1.8), RTF (2003)</FormatAliases>
      <FormatFamilies>Rich Text Format</FormatFamilies>
      <FormatTypes>Text (Wordprocessed)</FormatTypes>
      <FormatDisclosure>Full</FormatDisclosure>
      <FormatDescription>Rich Text Format (RTF) is a format developed by Microsoft to encode formatted text and graphics for use within applications or for data and formatting transfer between applications. It is closely associated with Microsoft Word, and new versions are developed with each release of Word. RTF files are encoded in plain text, typically ASCII, and consists of a series of control words, control symbols and groups. An RTF file comprises a Header section, containing various header tables, followed by a Document section, containing the document content and formatting. RTF version 1.8 is the version of the format associated with Microsoft Word 2003.</FormatDescription>
      <BinaryFileFormat>Text</BinaryFileFormat>
      <ByteOrders>
      </ByteOrders>
      <ReleaseDate>
      </ReleaseDate>
      <WithdrawnDate>
      </WithdrawnDate>
      <ProvenanceSourceID>1</ProvenanceSourceID>
      <ProvenanceName>Digital Preservation Department / The National Archives</ProvenanceName>
      <ProvenanceSourceDate>11 Mar 2005</ProvenanceSourceDate>
      <ProvenanceDescription>
      </ProvenanceDescription>
      <LastUpdatedDate>02 Aug 2005</LastUpdatedDate>
      <FormatNote>
      </FormatNote>
      <FormatRisk>
      </FormatRisk>
      <TechnicalEnvironment>
      </TechnicalEnvironment>
      <FileFormatIdentifier>
        <Identifier>application/rtf</Identifier>
        <IdentifierType>MIME</IdentifierType>
      </FileFormatIdentifier>
      <FileFormatIdentifier>
        <Identifier>fmt/53</Identifier>
        <IdentifierType>PUID</IdentifierType>
      </FileFormatIdentifier>
      <FileFormatIdentifier>
        <Identifier>public.rtf</Identifier>
        <IdentifierType>Apple Uniform Type Identifier</IdentifierType>
      </FileFormatIdentifier>
      <FileFormatIdentifier>
        <Identifier>text/rtf</Identifier>
        <IdentifierType>MIME</IdentifierType>
      </FileFormatIdentifier>
      <Document>
        <DocumentID>37</DocumentID>
        <DisplayText>Microsoft, 2004, Microsoft Office Word 2003 Rich Text Format (RTF) Specification: White Paper</DisplayText>
        <DocumentType>Authoritative</DocumentType>
        <AvailabilityDescription>Public</AvailabilityDescription>
        <AvailabilityNote>
        </AvailabilityNote>
        <PublicationDate>01 Apr 2004</PublicationDate>
        <TitleText>Microsoft Office Word 2003 Rich Text Format (RTF) Specification: White Paper</TitleText>
        <DocumentIPR>
        </DocumentIPR>
        <DocumentNote>
        </DocumentNote>
        <Author>
          <AuthorID>93</AuthorID>
          <AuthorName>
          </AuthorName>
          <OrganisationName>Microsoft Corporation</OrganisationName>
          <AuthorCompoundName>Microsoft Corporation</AuthorCompoundName>
        </Author>
        <Publisher>
          <PublisherID>93</PublisherID>
          <PublisherName>
          </PublisherName>
          <OrganisationName>Microsoft Corporation</OrganisationName>
          <PublisherCompoundName>Microsoft Corporation</PublisherCompoundName>
        </Publisher>
      </Document>
      <ExternalSignature>
        <ExternalSignatureID>559</ExternalSignatureID>
        <Signature>rtf</Signature>
        <SignatureType>File extension</SignatureType>
      </ExternalSignature>
      <InternalSignature>
        <SignatureID>26</SignatureID>
        <SignatureName>RTF 1.7 - 1.8 (generic)</SignatureName>
        <SignatureNote>\rtf control word, \ansicpg control word and &lt;deffont&gt; declaration</SignatureNote>
        <ByteSequence>
          <ByteSequenceID>124</ByteSequenceID>
          <PositionType>Absolute from BOF</PositionType>
          <Offset>0</Offset>
          <MaxOffset>
          </MaxOffset>
          <IndirectOffsetLocation>
          </IndirectOffsetLocation>
          <IndirectOffsetLength>
          </IndirectOffsetLength>
          <Endianness>
          </Endianness>
          <ByteSequenceValue>7B5C7274(66|6631)5C(616E7369|6D6163|7063|706361)5C616E7369637067{3-*}5C737473686664626368{1-4}5C73747368666C6F6368{1-4}5C737473686668696368{1-4}5C73747368666269</ByteSequenceValue>
        </ByteSequence>
      </InternalSignature>
      <RelatedFormat>
        <RelationshipType>Has priority over</RelationshipType>
        <RelatedFormatID>626</RelatedFormatID>
        <RelatedFormatName>Rich Text Format</RelatedFormatName>
        <RelatedFormatVersion>1.0</RelatedFormatVersion>
      </RelatedFormat>
      <RelatedFormat>
        <RelationshipType>Has priority over</RelationshipType>
        <RelatedFormatID>627</RelatedFormatID>
        <RelatedFormatName>Rich Text Format</RelatedFormatName>
        <RelatedFormatVersion>1.1</RelatedFormatVersion>
      </RelatedFormat>
      <RelatedFormat>
        <RelationshipType>Has priority over</RelationshipType>
        <RelatedFormatID>628</RelatedFormatID>
        <RelatedFormatName>Rich Text Format</RelatedFormatName>
        <RelatedFormatVersion>1.2</RelatedFormatVersion>
      </RelatedFormat>
      <RelatedFormat>
        <RelationshipType>Has priority over</RelationshipType>
        <RelatedFormatID>629</RelatedFormatID>
        <RelatedFormatName>Rich Text Format</RelatedFormatName>
        <RelatedFormatVersion>1.3</RelatedFormatVersion>
      </RelatedFormat>
      <RelatedFormat>
        <RelationshipType>Has priority over</RelationshipType>
        <RelatedFormatID>630</RelatedFormatID>
        <RelatedFormatName>Rich Text Format</RelatedFormatName>
        <RelatedFormatVersion>1.4</RelatedFormatVersion>
      </RelatedFormat>
      <RelatedFormat>
        <RelationshipType>Has priority over</RelationshipType>
        <RelatedFormatID>631</RelatedFormatID>
        <RelatedFormatName>Rich Text Format</RelatedFormatName>
        <RelatedFormatVersion>1.5</RelatedFormatVersion>
      </RelatedFormat>
      <RelatedFormat>
        <RelationshipType>Has priority over</RelationshipType>
        <RelatedFormatID>632</RelatedFormatID>
        <RelatedFormatName>Rich Text Format</RelatedFormatName>
        <RelatedFormatVersion>1.6</RelatedFormatVersion>
      </RelatedFormat>
      <RelatedFormat>
        <RelationshipType>Is subsequent version of</RelationshipType>
        <RelatedFormatID>633</RelatedFormatID>
        <RelatedFormatName>Rich Text Format</RelatedFormatName>
        <RelatedFormatVersion>1.7</RelatedFormatVersion>
      </RelatedFormat>
    </FileFormat>
    <SearchCriteria>Criteria</SearchCriteria>
  </report_format_detail>
</PRONOM-Report>
