<?xml version="1.0" encoding="utf-8"?>
<PRONOM-Report xmlns="http://pronom.nationalarchives.gov.uk">
  <report_format_detail>
    <FileFormat>
      <FormatID>631</FormatID>
      <FormatName>Rich Text Format</FormatName>
      <FormatVersion>1.5</FormatVersion>
      <FormatAliases>RTF (1.5), RTF (97)</FormatAliases>
      <FormatFamilies>Rich Text Format</FormatFamilies>
      <FormatTypes>Text (Wordprocessed)</FormatTypes>
      <FormatDisclosure>Full</FormatDisclosure>
      <FormatDescription>Rich Text Format (RTF) is a format developed by Microsoft to encode formatted text and graphics for use within applications or for data and formatting transfer between applications. It is closely associated with Microsoft Word, and new versions are developed with each release of Word. RTF files are encoded in plain text, typically ASCII, and consists of a series of control words, control symbols and groups. An RTF file comprises a Header section, containing various header tables, followed by a Document section, containing the document content and formatting. RTF version 1.5 is the version of the format associated with Microsoft Word 97, and introduced partially Unicode support.</FormatDescription>
      <BinaryFileFormat>Text</BinaryFileFormat>
      <ByteOrders>
      </ByteOrders>
      <ReleaseDate>
      </ReleaseDate>
      <WithdrawnDate>
      </WithdrawnDate>
      <ProvenanceSourceID>1</ProvenanceSourceID>
      <ProvenanceName>Digital Preservation Department / The National Archives</ProvenanceName>
      <ProvenanceSourceDate>11 Mar 2005</ProvenanceSourceDate>
      <ProvenanceDescription>
      </ProvenanceDescription>
      <LastUpdatedDate>02 Aug 2005</LastUpdatedDate>
      <FormatNote>
      </FormatNote>
      <FormatRisk>
      </FormatRisk>
      <TechnicalEnvironment>
      </TechnicalEnvironment>
      <FileFormatIdentifier>
        <Identifier>application/rtf</Identifier>
        <IdentifierType>MIME</IdentifierType>
      </FileFormatIdentifier>
      <FileFormatIdentifier>
        <Identifier>fmt/50</Identifier>
        <IdentifierType>PUID</IdentifierType>
      </FileFormatIdentifier>
      <FileFormatIdentifier>
        <Identifier>public.rtf</Identifier>
        <IdentifierType>Apple Uniform Type Identifier</IdentifierType>
      </FileFormatIdentifier>
      <FileFormatIdentifier>
        <Identifier>text/rtf</Identifier>
        <IdentifierType>MIME</IdentifierType>
      </FileFormatIdentifier>
      <Document>
        <DocumentID>41</DocumentID>
        <DisplayText>Microsoft, 1997, Rich-Text Format (RTF) Specification: Version 1.5, Product Support Services Application Note 5/97 GC0165</DisplayText>
        <DocumentType>Authoritative</DocumentType>
        <AvailabilityDescription>Public</AvailabilityDescription>
        <AvailabilityNote>
        </AvailabilityNote>
        <PublicationDate>01 Jan 1997</PublicationDate>
        <TitleText>Rich-Text Format (RTF) Specification: Version 1.5, Microsoft Technical Support Application Note 5/97 GC0165</TitleText>
        <DocumentIPR>
        </DocumentIPR>
        <DocumentNote>
        </DocumentNote>
        <Author>
          <AuthorID>93</AuthorID>
          <AuthorName>
          </AuthorName>
          <OrganisationName>Microsoft Corporation</OrganisationName>
          <AuthorCompoundName>Microsoft Corporation</AuthorCompoundName>
        </Author>
        <Publisher>
          <PublisherID>93</PublisherID>
          <PublisherName>
          </PublisherName>
          <OrganisationName>Microsoft Corporation</OrganisationName>
          <PublisherCompoundName>Microsoft Corporation</PublisherCompoundName>
        </Publisher>
      </Document>
      <ExternalSignature>
        <ExternalSignatureID>659</ExternalSignatureID>
        <Signature>rtf</Signature>
        <SignatureType>File extension</SignatureType>
      </ExternalSignature>
      <InternalSignature>
        <SignatureID>158</SignatureID>
        <SignatureName>RTF 1.5 - 1.6 (generic)</SignatureName>
        <SignatureNote>\rtf control word, \ansicpg control word</SignatureNote>
        <ByteSequence>
          <ByteSequenceID>109</ByteSequenceID>
          <PositionType>Absolute from BOF</PositionType>
          <Offset>0</Offset>
          <MaxOffset>
          </MaxOffset>
          <IndirectOffsetLocation>
          </IndirectOffsetLocation>
          <IndirectOffsetLength>
          </IndirectOffsetLength>
          <Endianness>
          </Endianness>
          <ByteSequenceValue>7B5C7274(66|6631)5C(616E7369|6D6163|7063|706361)5C616E7369637067</ByteSequenceValue>
        </ByteSequence>
      </InternalSignature>
      <RelatedFormat>
        <RelationshipType>Has lower priority than</RelationshipType>
        <RelatedFormatID>633</RelatedFormatID>
        <RelatedFormatName>Rich Text Format</RelatedFormatName>
        <RelatedFormatVersion>1.7</RelatedFormatVersion>
      </RelatedFormat>
      <RelatedFormat>
        <RelationshipType>Has lower priority than</RelationshipType>
        <RelatedFormatID>753</RelatedFormatID>
        <RelatedFormatName>Rich Text Format</RelatedFormatName>
        <RelatedFormatVersion>1.8</RelatedFormatVersion>
      </RelatedFormat>
      <RelatedFormat>
        <RelationshipType>Has priority over</RelationshipType>
        <RelatedFormatID>626</RelatedFormatID>
        <RelatedFormatName>Rich Text Format</RelatedFormatName>
        <RelatedFormatVersion>1.0</RelatedFormatVersion>
      </RelatedFormat>
      <RelatedFormat>
        <RelationshipType>Has priority over</RelationshipType>
        <RelatedFormatID>627</RelatedFormatID>
        <RelatedFormatName>Rich Text Format</RelatedFormatName>
        <RelatedFormatVersion>1.1</RelatedFormatVersion>
      </RelatedFormat>
      <RelatedFormat>
        <RelationshipType>Has priority over</RelationshipType>
        <RelatedFormatID>628</RelatedFormatID>
        <RelatedFormatName>Rich Text Format</RelatedFormatName>
        <RelatedFormatVersion>1.2</RelatedFormatVersion>
      </RelatedFormat>
      <RelatedFormat>
        <RelationshipType>Has priority over</RelationshipType>
        <RelatedFormatID>629</RelatedFormatID>
        <RelatedFormatName>Rich Text Format</RelatedFormatName>
        <RelatedFormatVersion>1.3</RelatedFormatVersion>
      </RelatedFormat>
      <RelatedFormat>
        <RelationshipType>Has priority over</RelationshipType>
        <RelatedFormatID>630</RelatedFormatID>
        <RelatedFormatName>Rich Text Format</RelatedFormatName>
        <RelatedFormatVersion>1.4</RelatedFormatVersion>
      </RelatedFormat>
      <RelatedFormat>
        <RelationshipType>Is previous version of</RelationshipType>
        <RelatedFormatID>632</RelatedFormatID>
        <RelatedFormatName>Rich Text Format</RelatedFormatName>
        <RelatedFormatVersion>1.6</RelatedFormatVersion>
      </RelatedFormat>
      <RelatedFormat>
        <RelationshipType>Is subsequent version of</RelationshipType>
        <RelatedFormatID>630</RelatedFormatID>
        <RelatedFormatName>Rich Text Format</RelatedFormatName>
        <RelatedFormatVersion>1.4</RelatedFormatVersion>
      </RelatedFormat>
    </FileFormat>
    <SearchCriteria>Criteria</SearchCriteria>
  </report_format_detail>
</PRONOM-Report>
