<?xml version="1.0" encoding="utf-8"?>
<PRONOM-Report xmlns="http://pronom.nationalarchives.gov.uk">
  <report_format_detail>
    <FileFormat>
      <FormatID>792</FormatID>
      <FormatName>JTIP (JPEG Tiled Image Pyramid)</FormatName>
      <FormatVersion>
      </FormatVersion>
      <FormatAliases>JTIP</FormatAliases>
      <FormatFamilies>
      </FormatFamilies>
      <FormatTypes>
      </FormatTypes>
      <FormatDisclosure>Full</FormatDisclosure>
      <FormatDescription>JTIP is a multi-resolution format, created for image presentation with easy transfer and handling, based on SPIFF. It allows presentation of images in various sizes and resolutions from vignette (1/16 screen size, used for browsing) through imagette (1/4 screen, for image comparison), to full screen and higher resolution images. Each layer is divided into tiles so the user can zoom or pan easily. A file contains an internal ID for tiles, with each tile associated with a single file header and separated by markers. Under header there can be and optional table noting the tile offsets, or an external ID for separate files. JTIP is not widely used and is no longer supported.</FormatDescription>
      <BinaryFileFormat>Binary</BinaryFileFormat>
      <ByteOrders>Big-endian (Motorola)</ByteOrders>
      <ReleaseDate>
      </ReleaseDate>
      <WithdrawnDate>
      </WithdrawnDate>
      <ProvenanceSourceID>1</ProvenanceSourceID>
      <ProvenanceName>Digital Preservation Department / The National Archives</ProvenanceName>
      <ProvenanceSourceDate>02 Feb 2007</ProvenanceSourceDate>
      <ProvenanceDescription>
      </ProvenanceDescription>
      <LastUpdatedDate>02 Feb 2007</LastUpdatedDate>
      <FormatNote>
      </FormatNote>
      <FormatRisk>
      </FormatRisk>
      <TechnicalEnvironment>
      </TechnicalEnvironment>
      <FileFormatIdentifier>
        <Identifier>fmt/149</Identifier>
        <IdentifierType>PUID</IdentifierType>
      </FileFormatIdentifier>
      <ExternalSignature>
        <ExternalSignatureID>799</ExternalSignatureID>
        <Signature>jpg</Signature>
        <SignatureType>File extension</SignatureType>
      </ExternalSignature>
    </FileFormat>
    <SearchCriteria>Criteria</SearchCriteria>
  </report_format_detail>
</PRONOM-Report>
