<?xml version="1.0" encoding="utf-8"?>
<PRONOM-Report xmlns="http://pronom.nationalarchives.gov.uk">
  <report_format_detail>
    <FileFormat>
      <FormatID>787</FormatID>
      <FormatName>Acrobat PDF/X - Portable Document Format - Exchange 1:1999</FormatName>
      <FormatVersion>
      </FormatVersion>
      <FormatAliases>PDF/X-1:1999</FormatAliases>
      <FormatFamilies>
      </FormatFamilies>
      <FormatTypes>
      </FormatTypes>
      <FormatDisclosure>
      </FormatDisclosure>
      <FormatDescription>PDF/X was developed by the Committee for Graphics Arts Technologies Standards (CGATS) and Adobe. This  'exchange standard' format is based on Adobe's PDF specification and includes additional notes specifically for delivery of high quality colour advertisements. A subset of the PDF specification, and an application standard as well as a file format standard; it was considered a 'more reliable' PDF file. There are several versions of the standard, which address specific issues, PDF/X-1: 1999 was based on PDF 1.2, however there is no known implementation of this version. PDF/X-1 is the only PDF/X standard permitting encryption.</FormatDescription>
      <BinaryFileFormat>Text</BinaryFileFormat>
      <ByteOrders>
      </ByteOrders>
      <ReleaseDate>
      </ReleaseDate>
      <WithdrawnDate>
      </WithdrawnDate>
      <ProvenanceSourceID>1</ProvenanceSourceID>
      <ProvenanceName>Digital Preservation Department / The National Archives</ProvenanceName>
      <ProvenanceSourceDate>01 Feb 2007</ProvenanceSourceDate>
      <ProvenanceDescription>
      </ProvenanceDescription>
      <LastUpdatedDate>22 Oct 2009</LastUpdatedDate>
      <FormatNote>
      </FormatNote>
      <FormatRisk>
      </FormatRisk>
      <TechnicalEnvironment>
      </TechnicalEnvironment>
      <FileFormatIdentifier>
        <Identifier>application/pdf</Identifier>
        <IdentifierType>MIME</IdentifierType>
      </FileFormatIdentifier>
      <FileFormatIdentifier>
        <Identifier>fmt/144</Identifier>
        <IdentifierType>PUID</IdentifierType>
      </FileFormatIdentifier>
      <ExternalSignature>
        <ExternalSignatureID>793</ExternalSignatureID>
        <Signature>pdf</Signature>
        <SignatureType>File extension</SignatureType>
      </ExternalSignature>
      <RelatedFormat>
        <RelationshipType>Is previous version of</RelationshipType>
        <RelatedFormatID>788</RelatedFormatID>
        <RelatedFormatName>Acrobat PDF/X - Portable Document Format - Exchange 1:2001</RelatedFormatName>
        <RelatedFormatVersion>
        </RelatedFormatVersion>
      </RelatedFormat>
      <RelatedFormat>
        <RelationshipType>Is subtype of</RelationshipType>
        <RelatedFormatID>615</RelatedFormatID>
        <RelatedFormatName>Acrobat PDF 1.2 - Portable Document Format</RelatedFormatName>
        <RelatedFormatVersion>1.2</RelatedFormatVersion>
      </RelatedFormat>
    </FileFormat>
    <SearchCriteria>Criteria</SearchCriteria>
  </report_format_detail>
</PRONOM-Report>
