<?xml version="1.0" encoding="utf-8"?>
<PRONOM-Report xmlns="http://pronom.nationalarchives.gov.uk">
  <report_format_detail>
    <FileFormat>
      <FormatID>910</FormatID>
      <FormatName>Microsoft Office Open XML</FormatName>
      <FormatVersion>2007</FormatVersion>
      <FormatAliases>
      </FormatAliases>
      <FormatFamilies>
      </FormatFamilies>
      <FormatTypes>
      </FormatTypes>
      <FormatDisclosure>
      </FormatDisclosure>
      <FormatDescription>Microsoft developed office Open XML (OOXML) in 2007. It is an XML based format representing a departure from previous Microsoft Office suites, which were binary file based. Starting with Microsoft Office 2007, the Office Open XML file formats have become the default file format of Microsoft Office. The ISO standard for OOXML is ISO/IEC DIS 29500. An OOXML file format consists of a compressed zip archive that is designated according to which file type it is. OOXML uses three custom XML based languages to describe its’ three document types. WordProcessingML, SpreadsheetML and PresentationML are each used to describe Word, Excel and PowerPoint Presentation files respectively.

OOXML is not an open format but the specification and development rights have been released under Microsoft’s Covenant not to Sue. OOXML is platform independent.</FormatDescription>
      <BinaryFileFormat>Binary</BinaryFileFormat>
      <ByteOrders>
      </ByteOrders>
      <ReleaseDate>
      </ReleaseDate>
      <WithdrawnDate>
      </WithdrawnDate>
      <ProvenanceSourceID>1</ProvenanceSourceID>
      <ProvenanceName>Digital Preservation Department / The National Archives</ProvenanceName>
      <ProvenanceSourceDate>06 Oct 2009</ProvenanceSourceDate>
      <ProvenanceDescription>
      </ProvenanceDescription>
      <LastUpdatedDate>06 Oct 2009</LastUpdatedDate>
      <FormatNote>
      </FormatNote>
      <FormatRisk>
      </FormatRisk>
      <TechnicalEnvironment>
      </TechnicalEnvironment>
      <FileFormatIdentifier>
        <Identifier>fmt/189</Identifier>
        <IdentifierType>PUID</IdentifierType>
      </FileFormatIdentifier>
      <Developers>
        <DeveloperID>93</DeveloperID>
        <DeveloperName>
        </DeveloperName>
        <OrganisationName>Microsoft Corporation</OrganisationName>
        <DeveloperCompoundName>Microsoft Corporation</DeveloperCompoundName>
      </Developers>
      <Support>
        <SupportID>93</SupportID>
        <SupportName>
        </SupportName>
        <OrganisationName>Microsoft Corporation</OrganisationName>
        <SupportCompoundName>Microsoft Corporation</SupportCompoundName>
      </Support>
      <InternalSignature>
        <SignatureID>258</SignatureID>
        <SignatureName>Microsoft Office Open XML</SignatureName>
        <SignatureNote>Signature represents a combination of OOXML specific bytes and a standard ZIP signature (taken verbatim from Zip format sig). Last two bytes of this signature represents a Microsoft Open Packaging growth hint which indentifies this as one of three OOXML document types so far.</SignatureNote>
        <ByteSequence>
          <ByteSequenceID>330</ByteSequenceID>
          <PositionType>Absolute from BOF</PositionType>
          <Offset>30</Offset>
          <MaxOffset>
          </MaxOffset>
          <IndirectOffsetLocation>
          </IndirectOffsetLocation>
          <IndirectOffsetLength>
          </IndirectOffsetLength>
          <Endianness>Little-endian</Endianness>
          <ByteSequenceValue>5B436F6E74656E745F54797065735D2E786D6C20A2</ByteSequenceValue>
        </ByteSequence>
        <ByteSequence>
          <ByteSequenceID>331</ByteSequenceID>
          <PositionType>Absolute from BOF</PositionType>
          <Offset>0</Offset>
          <MaxOffset>
          </MaxOffset>
          <IndirectOffsetLocation>
          </IndirectOffsetLocation>
          <IndirectOffsetLength>
          </IndirectOffsetLength>
          <Endianness>Little-endian</Endianness>
          <ByteSequenceValue>504B0304*504B0102*504B0506</ByteSequenceValue>
        </ByteSequence>
      </InternalSignature>
      <RelatedFormat>
        <RelationshipType>Has priority over</RelationshipType>
        <RelatedFormatID>382</RelatedFormatID>
        <RelatedFormatName>ZIP Format</RelatedFormatName>
        <RelatedFormatVersion>
        </RelatedFormatVersion>
      </RelatedFormat>
    </FileFormat>
    <SearchCriteria>Criteria</SearchCriteria>
  </report_format_detail>
</PRONOM-Report>
